sign;title;img
1.1.;"Знак 1.1: 
Железнодорожный переезд со шлагбаумом";https://media.am.ru/pdd/sign/m/1.1.png
1.2.;"Знак 1.2: 
Железнодорожный переезд без шлагбаума";https://media.am.ru/pdd/sign/m/1.2.png
1.3.1.;"Знак 1.3.1: 
Однопутная железная дорога";https://media.am.ru/pdd/sign/m/1.3.1.png
1.3.2.;"Знак 1.3.2: 
Многопутная железная дорога";https://media.am.ru/pdd/sign/m/1.3.2.png
1.4.1.;"Знак 1.4.1 - 1.4.6: 
Приближение к железнодорожному переезду";https://media.am.ru/pdd/sign/s/1.4.1.png
1.4.2.;"Знак 1.4.1 - 1.4.6: 
Приближение к железнодорожному переезду";https://media.am.ru/pdd/sign/s/1.4.2.png
1.4.3.;"Знак 1.4.1 - 1.4.6: 
Приближение к железнодорожному переезду";https://media.am.ru/pdd/sign/s/1.4.3.png
1.4.4.;"Знак 1.4.1 - 1.4.6: 
Приближение к железнодорожному переезду";https://media.am.ru/pdd/sign/s/1.4.4.png
1.4.5.;"Знак 1.4.1 - 1.4.6: 
Приближение к железнодорожному переезду";https://media.am.ru/pdd/sign/s/1.4.5.png
1.4.6.;"Знак 1.4.1 - 1.4.6: 
Приближение к железнодорожному переезду";https://media.am.ru/pdd/sign/s/1.4.6.png
1.5.;"Знак 1.5: 
Пересечение с трамвайной линией";https://media.am.ru/pdd/sign/m/1.5.png
1.6.;"Знак 1.6: 
Пересечение равнозначных дорог";https://media.am.ru/pdd/sign/m/1.6.png
1.7.;"Знак 1.7: 
Пересечение с круговым движением";https://media.am.ru/pdd/sign/m/1.7.png
1.8.;"Знак 1.8: 
Светофорное регулирование";https://media.am.ru/pdd/sign/m/1.8.png
1.9.;"Знак 1.9: 
Разводной мост";https://media.am.ru/pdd/sign/m/1.9.png
1.10.;"Знак 1.10: 
Выезд на набережную";https://media.am.ru/pdd/sign/m/1.10.png
1.11.1.;"Знак 1.11.1, 1.11.2: 
Опасный поворот";https://media.am.ru/pdd/sign/m/1.11.1.png
1.11.2.;"Знак 1.11.1, 1.11.2: 
Опасный поворот";https://media.am.ru/pdd/sign/m/1.11.2.png
1.12.1.;"Знак 1.12.1, 1.12.2: 
Опасные повороты";https://media.am.ru/pdd/sign/m/1.12.1.png
1.12.2.;"Знак 1.12.1, 1.12.2: 
Опасные повороты";https://media.am.ru/pdd/sign/m/1.12.2.png
1.13.;"Знак 1.13: 
Крутой спуск";https://media.am.ru/pdd/sign/m/1.13.png
1.14.;"Знак 1.14: 
Крутой подъем";https://media.am.ru/pdd/sign/m/1.14.png
1.15.;"Знак 1.15: 
Скользкая дорога";https://media.am.ru/pdd/sign/m/1.15.png
1.16.;"Знак 1.16: 
Неровная дорога";https://media.am.ru/pdd/sign/m/1.16.png
1.17.;"Знак 1.17: 
Искусственная неровность";https://media.am.ru/pdd/sign/m/1.17.png
1.18.;"Знак 1.18: 
Выброс гравия";https://media.am.ru/pdd/sign/m/1.18.png
1.19.;"Знак 1.19: 
Опасная обочина";https://media.am.ru/pdd/sign/m/1.19.png
1.20.1.;"Знак 1.20.1 - 1.20.3: 
Сужение дороги";https://media.am.ru/pdd/sign/m/1.20.1.png
1.20.2.;"Знак 1.20.1 - 1.20.3: 
Сужение дороги";https://media.am.ru/pdd/sign/m/1.20.2.png
1.20.3.;"Знак 1.20.1 - 1.20.3: 
Сужение дороги";https://media.am.ru/pdd/sign/m/1.20.3.png
1.21.;"Знак 1.21: 
Двустороннее движение";https://media.am.ru/pdd/sign/m/1.21.png
1.22.;"Знак 1.22: 
Пешеходный переход";https://media.am.ru/pdd/sign/m/1.22.png
1.23.;"Знак 1.23: 
Дети";https://media.am.ru/pdd/sign/m/1.23.png
1.24.;"Знак 1.24: 
Пересечение с велосипедной дорожкой или велопешеходной дорожкой";https://media.am.ru/pdd/sign/m/1.24.png
1.25.;"Знак 1.25: 
Дорожные работы";https://media.am.ru/pdd/sign/m/1.25.png
1.26.;"Знак 1.26: 
Перегон скота";https://media.am.ru/pdd/sign/m/1.26.png
1.27.;"Знак 1.27: 
Дикие животные";https://media.am.ru/pdd/sign/m/1.27.png
1.28.;"Знак 1.28: 
Падение камней";https://media.am.ru/pdd/sign/m/1.28.png
1.29.;"Знак 1.29: 
Боковой ветер";https://media.am.ru/pdd/sign/m/1.29.png
1.30.;"Знак 1.30: 
Низколетящие самолеты";https://media.am.ru/pdd/sign/m/1.30.png
1.31.;"Знак 1.31: 
Тоннель";https://media.am.ru/pdd/sign/m/1.31.png
1.32.;"Знак 1.32: 
Затор";https://media.am.ru/pdd/sign/m/1.32.png
1.33.;"Знак 1.33: 
Прочие опасности";https://media.am.ru/pdd/sign/m/1.33.png
1.34.1.;"Знак 1.34.1, 1.34.2: 
Направление поворота";https://media.am.ru/pdd/sign/m/1.34.2_B.png
1.34.2.;"Знак 1.34.1, 1.34.2: 
Направление поворота";https://media.am.ru/pdd/sign/m/1.34.1_B.png
1.34.3.;"Знак 1.34.3: 
Направление поворота";https://media.am.ru/pdd/sign/m/1.34.3_B.png
1.35.;"Знак 1.35: 
Участок перекрестка";http://media.am.ru/automobile/files/6/6b/6b2701b8fe6d17ff087a0023d9031d0c.jpeg
2.1.;"Знак 2.1: 
Главная дорога";https://media.am.ru/pdd/sign/m/2.1.png
2.2.;"Знак 2.2: 
Конец главной дороги";https://media.am.ru/pdd/sign/m/2.2.png
2.3.1.;"Знак 2.3.1: 
Пересечение со второстепенной дорогой";https://media.am.ru/pdd/sign/m/2.3.1.png
2.3.2.;"Знак 2.3.2 - 2.3.7: 
Примыкание второстепенной дороги";https://media.am.ru/pdd/sign/m/2.3.2.png
2.3.3.;"Знак 2.3.2 - 2.3.7: 
Примыкание второстепенной дороги";https://media.am.ru/pdd/sign/m/2.3.3.png
2.3.4.;"Знак 2.3.2 - 2.3.7: 
Примыкание второстепенной дороги";https://media.am.ru/pdd/sign/m/2.3.4.png
2.3.5.;"Знак 2.3.2 - 2.3.7: 
Примыкание второстепенной дороги";https://media.am.ru/pdd/sign/m/2.3.5.png
2.3.6.;"Знак 2.3.2 - 2.3.7: 
Примыкание второстепенной дороги";https://media.am.ru/pdd/sign/m/2.3.6.png
2.3.7.;"Знак 2.3.2 - 2.3.7: 
Примыкание второстепенной дороги";https://media.am.ru/pdd/sign/m/2.3.7.png
2.4.;"Знак 2.4: 
Уступите дорогу";https://media.am.ru/pdd/sign/m/2.4.png
2.5.;"Знак 2.5: 
Движение без остановки запрещено";https://media.am.ru/pdd/sign/m/2.5.png
2.6.;"Знак 2.6: 
Преимущество встречного движения";https://media.am.ru/pdd/sign/m/2.6.png
2.7.;"Знак 2.7: 
Преимущество перед встречным движением";https://media.am.ru/pdd/sign/m/2.7.png
3.1.;"Знак 3.1: 
Въезд запрещен";https://media.am.ru/pdd/sign/m/3.1.png
3.2.;"Знак 3.2: 
Движение запрещено";https://media.am.ru/pdd/sign/m/3.2.png
3.3.;"Знак 3.3: 
Движение механических транспортных средств запрещено";https://media.am.ru/pdd/sign/m/3.3.png
3.4.;"Знак 3.4: 
Движение грузовых автомобилей запрещено";https://media.am.ru/pdd/sign/m/3.4.png
3.5.;"Знак 3.5: 
Движение мотоциклов запрещено";https://media.am.ru/pdd/sign/m/3.5.png
3.6.;"Знак 3.6: 
Движение тракторов запрещено";https://media.am.ru/pdd/sign/m/3.6.png
3.7.;"Знак 3.7: 
Движение с прицепом запрещено";https://media.am.ru/pdd/sign/m/3.7.png
3.8.;"Знак 3.8: 
Движение гужевых повозок запрещено";https://media.am.ru/pdd/sign/m/3.8.png
3.9.;"Знак 3.9: 
Движение на велосипедах запрещено";https://media.am.ru/pdd/sign/m/3.9.png
3.10.;"Знак 3.10: 
Движение пешеходов запрещено";https://media.am.ru/pdd/sign/m/3.10.png
3.11.;"Знак 3.11: 
Ограничение массы";https://media.am.ru/pdd/sign/m/3.11.png
3.12.;"Знак 3.12: 
Ограничение массы, приходящейся на ось транспортного средства";https://media.am.ru/pdd/sign/m/3.12.png
3.13.;"Знак 3.13: 
Ограничение высоты";https://media.am.ru/pdd/sign/m/3.13.png
3.14.;"Знак 3.14: 
Ограничение ширины";https://media.am.ru/pdd/sign/m/3.14.png
3.15.;"Знак 3.15: 
Ограничение длины";https://media.am.ru/pdd/sign/m/3.15.png
3.16.;"Знак 3.16: 
Ограничение минимальной дистанции";https://media.am.ru/pdd/sign/m/3.16.png
3.17.1.;"Знак 3.17.1: 
Таможня";https://media.am.ru/pdd/sign/m/3.17.1.png
3.17.2.;"Знак 3.17.2: 
Опасность";https://media.am.ru/pdd/sign/m/3.17.2.png
3.17.3.;"Знак 3.17.3: 
Контроль";https://media.am.ru/pdd/sign/m/3.17.3.png
3.18.1.;"Знак 3.18.1: 
Поворот направо запрещен";https://media.am.ru/pdd/sign/m/3.18.1.png
3.18.2.;"Знак 3.18.2: 
Поворот налево запрещен";https://media.am.ru/pdd/sign/m/3.18.2.png
3.19.;"Знак 3.19: 
Разворот запрещен";https://media.am.ru/pdd/sign/m/3.19.png
3.20.;"Знак 3.20: 
Обгон запрещен";https://media.am.ru/pdd/sign/m/3.20.png
3.21.;"Знак 3.21: 
Конец зоны запрещения обгона";https://media.am.ru/pdd/sign/m/3.21.png
3.22.;"Знак 3.22: 
Обгон грузовым автомобилям запрещен";https://media.am.ru/pdd/sign/m/3.22.png
3.23.;"Знак 3.23: 
Конец зоны запрещения обгона грузовым автомобилям";https://media.am.ru/pdd/sign/m/3.23.png
3.24.;"Знак 3.24: 
Ограничение максимальной скорости";https://media.am.ru/pdd/sign/m/3.24.png
3.25.;"Знак 3.25: 
Конец зоны ограничения максимальной скорости";https://media.am.ru/pdd/sign/m/3.25.png
3.26.;"Знак 3.26: 
Подача звукового сигнала запрещена";https://media.am.ru/pdd/sign/m/3.26.png
3.27.;"Знак 3.27: 
Остановка запрещена";https://media.am.ru/pdd/sign/m/3.27.png
3.28.;"Знак 3.28: 
Стоянка запрещена";https://media.am.ru/pdd/sign/m/3.28.png
3.29.;"Знак 3.29: 
Стоянка запрещена по нечетным числам месяца";https://media.am.ru/pdd/sign/m/3.29.png
3.30.;"Знак 3.30: 
Стоянка запрещена по четным числам месяца";https://media.am.ru/pdd/sign/m/3.30.png
3.31.;"Знак 3.31: 
Конец зоны всех ограничений";https://media.am.ru/pdd/sign/m/3.31.png
3.32.;"Знак 3.32: 
Движение транспортных средств с опасными грузами запрещено";https://media.am.ru/pdd/sign/m/3.32.png
3.33.;"Знак 3.33: 
Движение транспортных средств с взрывчатыми и легковоспламеняющимися грузами запрещено";https://media.am.ru/pdd/sign/m/3.33.png
3.34.;"Знак 3.34: 
Движение автобусов запрещено";http://media.am.ru/automobile/files/7/77/77a2c777775af4677b508d26dffbe208.jpeg
4.1.1.;"Знак 4.1.1: 
Движение прямо";https://media.am.ru/pdd/sign/m/4.1.1.png
4.1.2.;"Знак 4.1.2: 
Движение направо";https://media.am.ru/pdd/sign/m/4.1.2.png
4.1.3.;"Знак 4.1.3: 
Движение налево";https://media.am.ru/pdd/sign/m/4.1.3.png
4.1.4.;"Знак 4.1.4: 
Движение прямо или направо";https://media.am.ru/pdd/sign/m/4.1.4.png
4.1.5.;"Знак 4.1.5: 
Движение прямо или налево";https://media.am.ru/pdd/sign/m/4.1.5.png
4.1.6.;"Знак 4.1.6: 
Движение направо или налево";https://media.am.ru/pdd/sign/m/4.1.6.png
4.2.1.;"Знак 4.2.1: 
Объезд препятствия справа";https://media.am.ru/pdd/sign/m/4.2.1.png
4.2.2.;"Знак 4.2.2: 
Объезд препятствия слева";https://media.am.ru/pdd/sign/m/4.2.2.png
4.2.3.;"Знак 4.2.3: 
Объезд препятствия справа или слева";https://media.am.ru/pdd/sign/m/4.2.3.png
4.3.;"Знак 4.3: 
Круговое движение";https://media.am.ru/pdd/sign/m/4.3.png
4.4.1.;"Знак 4.4.1: 
Велосипедная дорожка";https://media.am.ru/pdd/sign/m/4.4.1.png
4.4.2.;"Знак 4.4.2: 
Конец велосипедной дорожки";https://media.am.ru/pdd/sign/m/4.4.2.png
4.5.1.;"Знак 4.5.1: 
Пешеходная дорожка";https://media.am.ru/pdd/sign/m/4.5.1.png
4.5.2.;"Знак 4.5.2: 
Пешеходная и велосипедная дорожка с совмещенным движением (велопешеходная дорожка с совмещенным движением)";https://media.am.ru/pdd/sign/m/4.5.2.png
4.5.3.;"Знак 4.5.3: 
Конец пешеходной и велосипедной дорожки с совмещенным движением (конец велопешеходной дорожки с совмещенным движением)";https://media.am.ru/pdd/sign/m/4.5.3.png
4.5.4.;"Знак 4.5.4, 4.5.5: 
Пешеходная и велосипедная дорожка с разделением движения";https://media.am.ru/pdd/sign/m/4.5.4.png
4.5.5.;"Знак 4.5.4, 4.5.5: 
Пешеходная и велосипедная дорожка с разделением движения";https://media.am.ru/pdd/sign/m/4.5.5.png
4.5.6.;"Знак 4.5.6, 4.5.7: 
Конец пешеходной и велосипедной дорожки с разделением движения (конец велопешеходной дорожки с разделением движения)";https://media.am.ru/pdd/sign/m/4.5.6.png
4.5.7.;"Знак 4.5.6, 4.5.7: 
Конец пешеходной и велосипедной дорожки с разделением движения (конец велопешеходной дорожки с разделением движения)";https://media.am.ru/pdd/sign/m/4.5.7.png
4.6.;"Знак 4.6: 
Ограничение минимальной скорости";https://media.am.ru/pdd/sign/m/4.6.png
4.7.;"Знак 4.7: 
Конец зоны ограничения минимальной скорости";https://media.am.ru/pdd/sign/m/4.7.png
4.8.1.;"Знак 4.8.1-4.8.3: 
Направление движения транспортных средств с опасными грузами";https://media.am.ru/pdd/sign/m/4.8.1.png
4.8.2.;"Знак 4.8.1-4.8.3: 
Направление движения транспортных средств с опасными грузами";https://media.am.ru/pdd/sign/m/4.8.2.png
4.8.3.;"Знак 4.8.1-4.8.3: 
Направление движения транспортных средств с опасными грузами";https://media.am.ru/pdd/sign/m/4.8.3.png
5.1.;"Знак 5.1: 
Автомагистраль";https://media.am.ru/pdd/sign/m/5.1.png
5.2.;"Знак 5.2: 
Конец автомагистрали";https://media.am.ru/pdd/sign/m/5.2.png
5.3.;"Знак 5.3: 
Дорога для автомобилей";https://media.am.ru/pdd/sign/m/5.3.png
5.4.;"Знак 5.4: 
Конец дороги для автомобилей";https://media.am.ru/pdd/sign/m/5.4.png
5.5.;"Знак 5.5: 
Дорога с односторонним движением";https://media.am.ru/pdd/sign/m/5.5.png
5.6.;"Знак 5.6: 
Конец дороги с односторонним движением";https://media.am.ru/pdd/sign/m/5.6.png
5.7.1.;"Знак 5.7.1, 5.7.2: 
Выезд на дорогу с односторонним движением";https://media.am.ru/pdd/sign/l/5.7.1.png
5.7.2.;"Знак 5.7.1, 5.7.2: 
Выезд на дорогу с односторонним движением";https://media.am.ru/pdd/sign/l/5.7.2.png
5.8.;"Знак 5.8: 
Реверсивное движение";https://media.am.ru/pdd/sign/m/5.8.png
5.9.;"Знак 5.9: 
Конец реверсивного движения";https://media.am.ru/pdd/sign/m/5.9.png
5.10.;"Знак 5.10: 
Выезд на дорогу с реверсивным движением";https://media.am.ru/pdd/sign/m/5.10.png
5.11.1.;"Знак 5.11.1: 
Дорога с полосой для маршрутных транспортных средств";https://media.am.ru/pdd/sign/m/5.11.1.png
5.11.2.;"Знак 5.11.2: 
Дорога с полосой для велосипедистов";https://media.am.ru/pdd/sign/m/5.11.2.png
5.12.1.;"Знак 5.12.1: 
Конец дороги с полосой для маршрутных транспортных средств";https://media.am.ru/pdd/sign/m/5.12.1.png
5.12.2.;"Знак 5.12.2: 
Конец дороги с полосой для велосипедистов";https://media.am.ru/pdd/sign/m/5.12.2.png
5.13.1.;"Знак 5.13.1, 5.13.2: 
Выезд на дорогу с полосой для маршрутных транспортных средств";https://media.am.ru/pdd/sign/m/5.13.1.png
5.13.2.;"Знак 5.13.1, 5.13.2: 
Выезд на дорогу с полосой для маршрутных транспортных средств";https://media.am.ru/pdd/sign/m/5.13.2.png
5.13.3.;"Знак 5.13.3, 5.13.4: 
Выезд на дорогу с полосой для велосипедистов";https://media.am.ru/pdd/sign/m/5.13.3.png
5.13.4.;"Знак 5.13.3, 5.13.4: 
Выезд на дорогу с полосой для велосипедистов";https://media.am.ru/pdd/sign/m/5.13.4.png
5.14.;"Знак 5.14: 
Полоса для маршрутных транспортных средств";https://media.am.ru/pdd/sign/m/5.14.png
5.14.1.;"Знак 5.14.1: 
Конец полосы для маршрутных транспортных средств";https://media.am.ru/pdd/sign/m/5.14.1.png
5.14.2.;"Знак 5.14.2: 
Полоса для велосипедистов";https://media.am.ru/automobile/files/f/f9/f91a13213de85836c7c434934d45befb.jpeg
5.14.3.;"Знак 5.14.3: 
Конец полосы для велосипедистов";https://media.am.ru/automobile/files/0/07/07a5915dc62b27e2c98bdbfc40241637.jpeg
5.15.1.;"Знак 5.15.1: 
Направления движения по полосам";https://media.am.ru/pdd/sign/l/5.15.1.png
5.15.2.;"Знак 5.15.2: 
Направления движения по полосе";https://www.signal-doroga.ru/upload/shop_1/2/0/2/item_2025/shop_items_catalog_image2025.png
5.15.3.;"Знак 5.15.3: 
Начало полосы";https://media.am.ru/pdd/sign/m/5.15.3_A.png
5.15.4.;"Знак 5.15.4: 
Начало полосы";https://media.am.ru/pdd/sign/m/5.15.4_A.png
5.15.5.;"Знак 5.15.5: 
Конец полосы";https://media.am.ru/pdd/sign/m/5.15.5.png
5.15.6.;"Знак 5.15.6: 
Конец полосы";https://media.am.ru/pdd/sign/m/5.15.6.png
5.15.7.;"Знак 5.15.7: 
Направление движения по полосам";https://petroznak.ru/image/cache/catalog/znak/dorozhnyj-znak-5.15.7-700x700.png
5.15.8.;"Знак 5.15.8: 
Число полос";https://media.am.ru/automobile/files/d/df/dff235eacafcb93217bef9d44d9082f2.png
5.16.;"Знак 5.16: 
Место остановки автобуса и (или) троллейбуса";https://media.am.ru/pdd/sign/m/5.16.png
5.17.;"Знак 5.17: 
Место остановки трамвая";https://media.am.ru/pdd/sign/m/5.17.png
5.18.;"Знак 5.18: 
Место стоянки легковых такси";https://media.am.ru/pdd/sign/m/5.18.png
5.19.1.;"Знак 5.19.1, 5.19.2: 
Пешеходный переход";https://media.am.ru/pdd/sign/m/5.19.1.png
5.19.2.;"Знак 5.19.1, 5.19.2: 
Пешеходный переход";https://media.am.ru/pdd/sign/m/5.19.2.png
5.20.;"Знак 5.20: 
Искусственная неровность";https://media.am.ru/pdd/sign/m/5.20.png
5.21.;"Знак 5.21: 
Жилая зона";https://media.am.ru/pdd/sign/m/5.21.png
5.22.;"Знак 5.22: 
Конец жилой зоны";https://media.am.ru/pdd/sign/m/5.22.png
5.23.1.;"Знак 5.23.1, 5.23.2: 
Начало населенного пункта";https://media.am.ru/pdd/sign/l/5.23.1.png
5.23.2.;"Знак 5.23.1, 5.23.2: 
Начало населенного пункта";https://media.am.ru/pdd/sign/l/5.23.2.png
5.24.1.;"Знак 5.24.1, 5.24.2: 
Конец населенного пункта";https://media.am.ru/pdd/sign/l/5.24.1.png
5.24.2.;"Знак 5.24.1, 5.24.2: 
Конец населенного пункта";https://media.am.ru/pdd/sign/l/5.24.2.png
5.25.;"Знак 5.25: 
Начало населенного пункта";https://media.am.ru/pdd/sign/l/5.25.png
5.26.;"Знак 5.26: 
Конец населенного пункта";https://media.am.ru/pdd/sign/l/5.26.png
5.27.;"Знак 5.27: 
Зона с ограничением стоянки";https://media.am.ru/pdd/sign/m/5.27.png
5.28.;"Знак 5.28: 
Конец зоны с ограничением стоянки";https://media.am.ru/pdd/sign/m/5.28.png
5.29.;"Знак 5.29: 
Зона регулируемой стоянки";https://media.am.ru/pdd/sign/m/5.29.png
5.30.;"Знак 5.30: 
Конец зоны регулируемой стоянки";https://media.am.ru/pdd/sign/m/5.30.png
5.31.;"Знак 5.31: 
Зона с ограничением максимальной скорости";https://media.am.ru/pdd/sign/m/5.31.png
5.32.;"Знак 5.32: 
Конец зоны с ограничением максимальной скорости";https://media.am.ru/pdd/sign/m/5.32.png
5.33.;"Знак 5.33: 
Пешеходная зона";https://media.am.ru/pdd/sign/m/5.33.png
5.34.;"Знак 5.34: 
Конец пешеходной зоны";https://media.am.ru/pdd/sign/m/5.34.png
5.35.;"Знак 5.35: 
Зона с ограничением экологического класса механических транспортных средств";http://media.am.ru/automobile/files/5/54/54db5d6ba55d2bcd8f5149cb14c4cdcd.jpeg
5.36.;"Знак 5.36: 
Зона с ограничением экологического класса грузовых автомобилей";http://media.am.ru/automobile/files/d/db/dbccd4a7633708b2beb7c023d4b26670.jpeg
5.37.;"Знак 5.37: 
Конец зоны с ограничением экологического класса механических транспортных средств";http://media.am.ru/automobile/files/b/b1/b1784ce605f4209b7eb9d8a812bdd4f5.jpeg
5.38.;"Знак 5.38: 
Конец зоны с ограничением экологического класса грузовых автомобилей";http://media.am.ru/automobile/files/6/69/698fd8160fbb239feeee757cd6c7acd6.jpeg
6.1.;"Знак 6.1: 
Общие ограничения максимальной скорости";https://media.am.ru/pdd/sign/m/6.1.png
6.2.;"Знак 6.2: 
Рекомендуемая скорость";https://media.am.ru/pdd/sign/m/6.2.png
6.3.1.;"Знак 6.3.1: 
Место для разворота";https://media.am.ru/pdd/sign/m/6.3.1.png
6.3.2.;"Знак 6.3.2: 
Зона для разворота";https://media.am.ru/pdd/sign/m/6.3.2.png
6.4.;"Знак 6.4: 
Парковка (парковочное место)";https://media.am.ru/pdd/sign/m/6.4.png
6.5.;"Знак 6.5: 
Полоса аварийной остановки";https://media.am.ru/pdd/sign/m/6.5.png
6.6.;"Знак 6.6: 
Подземный пешеходный переход";https://media.am.ru/pdd/sign/m/6.6.png
6.7.;"Знак 6.7: 
Надземный пешеходный переход";https://media.am.ru/pdd/sign/m/6.7.png
6.8.1.;"Знак 6.8.1 - 6.8.3: 
Тупик";https://media.am.ru/pdd/sign/m/6.8.1.png
6.8.2.;"Знак 6.8.1 - 6.8.3: 
Тупик";https://media.am.ru/pdd/sign/m/6.8.2.png
6.8.3.;"Знак 6.8.1 - 6.8.3: 
Тупик";https://media.am.ru/pdd/sign/m/6.8.3.png
6.9.1.;"Знак 6.9.1: 
Предварительный указатель направлений";https://media.am.ru/pdd/sign/l/6.9.1_A.png
6.9.2.;"Знак 6.9.2: 
Предварительный указатель направления";https://media.am.ru/pdd/sign/l/6.5_A.png
6.9.3.;"Знак 6.9.3: 
Схема движения";https://media.am.ru/pdd/sign/m/6.9.3.png
6.10.1.;"Знак 6.10.1: 
Указатель направлений";https://media.am.ru/pdd/sign/l/6.10.1_A.png
6.10.2.;"Знак 6.10.2: 
Указатель направления";https://media.am.ru/pdd/sign/l/6.10.2_A.png
6.11.;"Знак 6.11: 
Наименование объекта";https://media.am.ru/pdd/sign/l/6.11_A.png
6.12.;"Знак 6.12: 
Указатель расстояний";https://media.am.ru/pdd/sign/l/6.12_A.png
6.13.;"Знак 6.13: 
Километровый знак";https://media.am.ru/pdd/sign/m/6.13.png
6.14.1.;"Знак 6.14.1, 6.14.2: 
Номер маршрута";https://media.am.ru/pdd/sign/m/6.14.1_A.png
6.14.2.;"Знак 6.14.1, 6.14.2: 
Номер маршрута";https://media.am.ru/pdd/sign/l/6.14.1_B.png
6.15.1.;"Знак 6.15.1 - 6.15.3: 
Направление движения для грузовых автомобилей";https://media.am.ru/pdd/sign/l/6.15.1.png
6.15.2.;"Знак 6.15.1 - 6.15.3: 
Направление движения для грузовых автомобилей";https://media.am.ru/pdd/sign/l/6.15.2.png
6.15.3.;"Знак 6.15.1 - 6.15.3: 
Направление движения для грузовых автомобилей";https://media.am.ru/pdd/sign/l/6.15.3.png
6.16.;"Знак 6.16: 
Стоп-линия";https://media.am.ru/pdd/sign/l/6.16.png
6.17.;"Знак 6.17: 
Схема объезда";https://media.am.ru/pdd/sign/l/6.17.png
6.18.1.;"Знак 6.18.1 - 6.18.3: 
Направление объезда";https://media.am.ru/pdd/sign/l/6.18.1.png
6.18.2.;"Знак 6.18.1 - 6.18.3: 
Направление объезда";https://media.am.ru/pdd/sign/l/6.18.2.png
6.18.3.;"Знак 6.18.1 - 6.18.3: 
Направление объезда";https://media.am.ru/pdd/sign/l/6.18.3.png
6.19.1.;"Знак 6.19.1, 6.19.2: 
Предварительный указатель перестроения на другую проезжую часть";https://media.am.ru/pdd/sign/m/6.19.1.png
6.19.2.;"Знак 6.19.1, 6.19.2: 
Предварительный указатель перестроения на другую проезжую часть";https://media.am.ru/pdd/sign/m/6.19.2.png
6.20.1.;"Знак 6.20.1, 6.20.2: 
Аварийный выход";https://media.am.ru/pdd/sign/m/6.20.1.png
6.20.2.;"Знак 6.20.1, 6.20.2: 
Аварийный выход";https://media.am.ru/pdd/sign/m/6.20.2.png
6.21.1.;"Знак 6.21.1, 6.21.2: 
Направление движения к аварийному выходу";https://media.am.ru/pdd/sign/l/6.21.1.png
6.21.2.;"Знак 6.21.1, 6.21.2: 
Направление движения к аварийному выходу";https://media.am.ru/pdd/sign/l/6.21.2.png
7.1.;"Знак 7.1: 
Пункт медицинской помощи";https://media.am.ru/pdd/sign/m/7.1.png
7.2.;"Знак 7.2: 
Больница";https://media.am.ru/pdd/sign/m/7.2.png
7.3.;"Знак 7.3: 
Автозаправочная станция";https://media.am.ru/pdd/sign/m/7.3.png
7.4.;"Знак 7.4: 
Техническое обслуживание автомобилей";https://media.am.ru/pdd/sign/m/7.4.png
7.5.;"Знак 7.5: 
Мойка автомобилей";https://media.am.ru/pdd/sign/m/7.5.png
7.6.;"Знак 7.6: 
Телефон";https://media.am.ru/pdd/sign/m/7.6.png
7.7.;"Знак 7.7: 
Пункт питания";https://media.am.ru/pdd/sign/m/7.7.png
7.8.;"Знак 7.8: 
Питьевая вода";https://media.am.ru/pdd/sign/m/7.8.png
7.9.;"Знак 7.9: 
Гостиница или мотель";https://media.am.ru/pdd/sign/m/7.9.png
7.10.;"Знак 7.10: 
Кемпинг";https://media.am.ru/pdd/sign/m/7.10.png
7.11.;"Знак 7.11: 
Место отдыха";https://media.am.ru/pdd/sign/m/7.11.png
7.12.;"Знак 7.12: 
Пост дорожно-патрульной службы";https://media.am.ru/pdd/sign/m/7.12.png
7.13.;"Знак 7.13: 
Полиция";https://media.am.ru/pdd/sign/m/7.13.png
7.14.;"Знак 7.14: 
Пункт транспортного контроля";https://media.am.ru/pdd/sign/m/7.14.png
7.15.;"Знак 7.15: 
Зона приема радиостанции, передающей информацию о дорожном движении";https://media.am.ru/pdd/sign/m/7.15.png
7.16.;"Знак 7.16: 
Зона радиосвязи с аварийными службами";https://media.am.ru/pdd/sign/m/7.16.png
7.17.;"Знак 7.17: 
Бассейн или пляж";https://media.am.ru/pdd/sign/m/7.17.png
7.18.;"Знак 7.18: 
Туалет";https://media.am.ru/pdd/sign/m/7.18.png
7.19.;"Знак 7.19: 
Телефон экстренной связи";https://media.am.ru/pdd/sign/m/7.19.png
7.20.;"Знак 7.20: 
Огнетушитель";https://media.am.ru/pdd/sign/m/7.20.png
7.21.;"Знак 7.21: 
Автозаправочная станция с возможностью зарядки электромобилей.";http://media.am.ru/automobile/files/2/28/28df1fae6831443dd0183a2fff0f41ce.jpeg
8.1.1.;"Знак 8.1.1: 
Расстояние до объекта";https://media.am.ru/pdd/sign/m/8.1.1.png
8.1.2.;"Знак 8.1.2: 
Расстояние до объекта";https://media.am.ru/pdd/sign/m/8.1.2.png
8.1.3.;"Знак 8.1.3, 8.1.4: 
Расстояние до объекта";https://media.am.ru/pdd/sign/m/8.1.3.png
8.1.4.;"Знак 8.1.3, 8.1.4: 
Расстояние до объекта";https://media.am.ru/pdd/sign/m/8.1.4.png
8.2.1.;"Знак 8.2.1: 
Зона действия";https://media.am.ru/pdd/sign/m/8.2.1.png
8.2.2.;"Знак 8.2.2-8.2.6: 
Зона действия";https://media.am.ru/pdd/sign/s/8.2.2.png
8.2.3.;"Знак 8.2.2-8.2.6: 
Зона действия";https://media.am.ru/pdd/sign/s/8.2.3.png
8.2.4.;"Знак 8.2.2-8.2.6: 
Зона действия";https://media.am.ru/pdd/sign/s/8.2.4.png
8.2.5.;"Знак 8.2.2-8.2.6: 
Зона действия";https://media.am.ru/pdd/sign/m/8.2.5.png
8.2.6.;"Знак 8.2.2-8.2.6: 
Зона действия";https://media.am.ru/pdd/sign/m/8.2.6.png
8.3.1.;"Знак 8.3.1 - 8.3.3: 
Направления действия";https://media.am.ru/pdd/sign/m/8.3.1.png
8.3.2.;"Знак 8.3.1 - 8.3.3: 
Направления действия";https://media.am.ru/pdd/sign/m/8.3.2.png
8.3.3.;"Знак 8.3.1 - 8.3.3: 
Направления действия";https://media.am.ru/pdd/sign/m/8.3.3.png
8.4.1.;"Знак 8.4.1 - 8.4.8: 
Вид транспортного средства";https://media.am.ru/pdd/sign/m/8.4.1.png
8.4.2.;"Знак 8.4.1 - 8.4.8: 
Вид транспортного средства";https://media.am.ru/pdd/sign/m/8.4.2.png
8.4.3.;"Знак 8.4.1 - 8.4.8: 
Вид транспортного средства";https://media.am.ru/pdd/sign/m/8.4.3.png
8.4.4.;"Знак 8.4.1 - 8.4.8: 
Вид транспортного средства";http://media.am.ru/automobile/files/9/98/984b89050e3d4152fa5f1fee3dc125db.jpeg
8.4.5.;"Знак 8.4.1 - 8.4.8: 
Вид транспортного средства";https://media.am.ru/pdd/sign/m/8.4.4.png
8.4.6.;"Знак 8.4.1 - 8.4.8: 
Вид транспортного средства";https://media.am.ru/pdd/sign/m/8.4.5.png
8.4.7.;"Знак 8.4.1 - 8.4.8: 
Вид транспортного средства";https://media.am.ru/pdd/sign/m/8.4.6.png
8.4.8.;"Знак 8.4.1 - 8.4.8: 
Вид транспортного средства";https://media.am.ru/pdd/sign/m/8.4.7.png
8.4.9.;"Знак 8.4.9 - 8.4.15: 
Кроме вида транспортного средства";https://media.am.ru/pdd/sign/m/8.4.9.png
8.4.10.;"Знак 8.4.9 - 8.4.15: 
Кроме вида транспортного средства";https://media.am.ru/pdd/sign/m/8.4.10.png
8.4.11.;"Знак 8.4.9 - 8.4.15: 
Кроме вида транспортного средства";https://media.am.ru/pdd/sign/m/8.4.11.png
8.4.12.;"Знак 8.4.9 - 8.4.15: 
Кроме вида транспортного средства";https://media.am.ru/pdd/sign/m/8.4.12.png
8.4.13.;"Знак 8.4.9 - 8.4.15: 
Кроме вида транспортного средства";https://media.am.ru/pdd/sign/m/8.4.13.png
8.4.14.;"Знак 8.4.9 - 8.4.15: 
Кроме вида транспортного средства";https://media.am.ru/pdd/sign/m/8.4.14.png
8.4.15.;"Знак 8.4.9 - 8.4.15: 
Кроме вида транспортного средства";http://media.am.ru/automobile/files/7/73/736b4e767aa2bd3aa2ec149c7af3d76b.jpeg
8.5.1.;"Знак 8.5.1: 
Субботние, воскресные и праздничные дни";https://media.am.ru/pdd/sign/m/8.5.1.png
8.5.2.;"Знак 8.5.2: 
Рабочие дни";https://media.am.ru/pdd/sign/m/8.5.2.png
8.5.3.;"Знак 8.5.3: 
Дни недели";https://media.am.ru/pdd/sign/m/8.5.3.png
8.5.4.;"Знак 8.5.4: 
Время действия";https://media.am.ru/pdd/sign/m/8.5.4.png
8.5.5.;"Знак 8.5.5 - 8.5.7: 
Время действия";https://media.am.ru/pdd/sign/m/8.5.5.png
8.5.6.;"Знак 8.5.5 - 8.5.7: 
Время действия";https://media.am.ru/pdd/sign/m/8.5.6.png
8.5.7.;"Знак 8.5.5 - 8.5.7: 
Время действия";https://media.am.ru/pdd/sign/m/8.5.7.png
8.6.1.;"Знак 8.6.1 - 8.6.9: 
Способ постановки транспортного средства на стоянку";https://media.am.ru/pdd/sign/m/8.6.1.png
8.6.2.;"Знак 8.6.1 - 8.6.9: 
Способ постановки транспортного средства на стоянку";https://media.am.ru/pdd/sign/m/8.6.2.png
8.6.3.;"Знак 8.6.1 - 8.6.9: 
Способ постановки транспортного средства на стоянку";https://media.am.ru/pdd/sign/m/8.6.3.png
8.6.4.;"Знак 8.6.1 - 8.6.9: 
Способ постановки транспортного средства на стоянку";https://media.am.ru/pdd/sign/m/8.6.4.png
8.6.5.;"Знак 8.6.1 - 8.6.9: 
Способ постановки транспортного средства на стоянку";https://media.am.ru/pdd/sign/m/8.6.5.png
8.6.6.;"Знак 8.6.1 - 8.6.9: 
Способ постановки транспортного средства на стоянку";https://media.am.ru/pdd/sign/m/8.6.6.png
8.6.7.;"Знак 8.6.1 - 8.6.9: 
Способ постановки транспортного средства на стоянку";https://media.am.ru/pdd/sign/m/8.6.7.png
8.6.8.;"Знак 8.6.1 - 8.6.9: 
Способ постановки транспортного средства на стоянку";https://media.am.ru/pdd/sign/m/8.6.8.png
8.6.9.;"Знак 8.6.1 - 8.6.9: 
Способ постановки транспортного средства на стоянку";https://media.am.ru/pdd/sign/m/8.6.9.png
8.7.;"Знак 8.7: 
Стоянка с неработающим двигателем";https://media.am.ru/pdd/sign/m/8.7.png
8.8.;"Знак 8.8: 
Платные услуги";https://media.am.ru/pdd/sign/m/8.8.png
8.9.;"Знак 8.9: 
Ограничение продолжительности стоянки";https://media.am.ru/pdd/sign/m/8.9.png
8.10.;"Знак 8.10: 
Место для осмотра автомобилей";https://media.am.ru/pdd/sign/m/8.10.png
8.11.;"Знак 8.11: 
Ограничение разрешенной максимальной массы";https://media.am.ru/pdd/sign/m/8.11.png
8.12.;"Знак 8.12: 
Опасная обочина";https://media.am.ru/pdd/sign/m/8.12.png
8.13.;"Знак 8.13: 
Направление главной дороги";https://media.am.ru/pdd/sign/m/8.13.png
8.14.;"Знак 8.14: 
Полоса движения";https://media.am.ru/pdd/sign/m/8.14.png
8.15.;"Знак 8.15: 
Слепые пешеходы";https://media.am.ru/pdd/sign/m/8.15.png
8.16.;"Знак 8.16: 
Влажное покрытие";https://media.am.ru/pdd/sign/m/8.16.png
8.17.;"Знак 8.17: 
Инвалиды";https://media.am.ru/pdd/sign/m/8.17.png
8.18.;"Знак 8.18: 
Кроме инвалидов";https://media.am.ru/pdd/sign/m/8.18.png
8.19.;"Знак 8.19: 
Класс опасного груза";https://media.am.ru/pdd/sign/m/8.19.png
8.20.1.;"Знак 8.20.1, 8.20.2: 
Тип тележки транспортного средства";https://media.am.ru/pdd/sign/m/8.20.1.png
8.20.2.;"Знак 8.20.1, 8.20.2: 
Тип тележки транспортного средства";https://media.am.ru/pdd/sign/m/8.20.2.png
8.21.1.;"Знак 8.21.1 - 8.21.3: 
Вид маршрутного транспортного средства";https://media.am.ru/pdd/sign/m/8.21.1.png
8.21.2.;"Знак 8.21.1 - 8.21.3: 
Вид маршрутного транспортного средства";https://media.am.ru/pdd/sign/m/8.21.2.png
8.21.3.;"Знак 8.21.1 - 8.21.3: 
Вид маршрутного транспортного средства";https://media.am.ru/pdd/sign/m/8.21.3.png
8.22.1.;"Знак 8.22.1 - 8.22.3: 
Препятствие";https://media.am.ru/pdd/sign/m/8.22.1.png
8.22.2.;"Знак 8.22.1 - 8.22.3: 
Препятствие";https://media.am.ru/pdd/sign/m/8.22.2.png
8.22.3.;"Знак 8.22.1 - 8.22.3: 
Препятствие";https://media.am.ru/pdd/sign/m/8.22.3.png
8.23.;"Знак 8.23: 
Фотовидеофиксация";https://media.am.ru/pdd/sign/m/8.23.png
8.24.;"Знак 8.24: 
Работает эвакуатор";https://media.am.ru/pdd/sign/m/8.24.png
8.25.;"Знак 8.25: 
Экологический класс транспортного средства";http://media.am.ru/automobile/files/6/6f/6fdff476e350fa0d95236a89a47cadd4.jpeg
