sign;title;link;img
1.1.;Железнодорожный переезд со шлагбаумом;https://www.drom.ru/pdd/pdd/signs/#63036;https://s.auto.drom.ru/i24227/pubs/26197/63036/2929346.svg
1.2.;Железнодорожный переезд без шлагбаума;https://www.drom.ru/pdd/pdd/signs/#65333;https://s.auto.drom.ru/i24227/pubs/26238/27021/2919100.svg
1.3.1.;Однопутная железная дорога;https://www.drom.ru/pdd/pdd/signs/#65334;https://s.auto.drom.ru/i24227/pubs/26238/27022/2919101.svg
1.3.2.;Многопутная железная дорога;https://www.drom.ru/pdd/pdd/signs/#65335;https://s.auto.drom.ru/i24227/pubs/26238/27023/2919102.svg
1.4.;Приближение к железнодорожному переезду;https://www.drom.ru/pdd/pdd/signs/#65336;https://s.auto.drom.ru/i24241/pubs/26197/65336/3161498.svg
1.5.;Пересечение с трамвайной линией;https://www.drom.ru/pdd/pdd/signs/#65337;https://s.auto.drom.ru/i24227/pubs/26238/27025/2919105.svg
1.6.;Пересечение равнозначных дорог;https://www.drom.ru/pdd/pdd/signs/#65338;https://s.auto.drom.ru/i24227/pubs/26238/27026/2919109.svg
1.7.;Пересечение с круговым движением;https://www.drom.ru/pdd/pdd/signs/#65339;https://s.auto.drom.ru/i24227/pubs/26238/27027/2919703.svg
1.8.;Светофорное регулирование;https://www.drom.ru/pdd/pdd/signs/#65340;https://s.auto.drom.ru/i24227/pubs/26238/27028/2919704.svg
1.9.;Разводной мост;https://www.drom.ru/pdd/pdd/signs/#65341;https://s.auto.drom.ru/i24227/pubs/26238/27029/2919705.svg
1.10.;Выезд на набережную;https://www.drom.ru/pdd/pdd/signs/#65342;https://s.auto.drom.ru/i24227/pubs/26238/27030/2919706.svg
1.11.1.;Опасный поворот правый;https://www.drom.ru/pdd/pdd/signs/#65343;https://s.auto.drom.ru/i24227/pubs/26238/27031/2919707.svg
1.11.2.;Опасный поворот левый;https://www.drom.ru/pdd/pdd/signs/#65344;https://s.auto.drom.ru/i24227/pubs/26238/27032/2919708.svg
1.12.1.;Опасные повороты с первым поворотом направо;https://www.drom.ru/pdd/pdd/signs/#65345;https://s.auto.drom.ru/i24227/pubs/26238/27033/2919709.svg
1.12.2.;Опасные повороты с первым поворотом налево;https://www.drom.ru/pdd/pdd/signs/#65346;https://s.auto.drom.ru/i24227/pubs/26238/27034/2919710.svg
1.13.;Крутой спуск;https://www.drom.ru/pdd/pdd/signs/#65347;https://s.auto.drom.ru/i24227/pubs/26238/27035/2919711.svg
1.14.;Крутой подъем;https://www.drom.ru/pdd/pdd/signs/#65348;https://s.auto.drom.ru/i24227/pubs/26238/27036/2919712.svg
1.15.;Скользкая дорога;https://www.drom.ru/pdd/pdd/signs/#65349;https://s.auto.drom.ru/i24227/pubs/26238/27037/2919713.svg
1.16.;Неровная дорога;https://www.drom.ru/pdd/pdd/signs/#65350;https://s.auto.drom.ru/i24227/pubs/26238/27038/2919714.svg
1.17.;Искусственная неровность;https://www.drom.ru/pdd/pdd/signs/#65351;https://s.auto.drom.ru/i24227/pubs/26238/27039/2919715.svg
1.18.;Выброс гравия;https://www.drom.ru/pdd/pdd/signs/#65352;https://s.auto.drom.ru/i24227/pubs/26238/27040/2919716.svg
1.19.;Опасная обочина;https://www.drom.ru/pdd/pdd/signs/#65353;https://s.auto.drom.ru/i24227/pubs/26238/27041/2919717.svg
1.20.1.;Сужение дороги;https://www.drom.ru/pdd/pdd/signs/#65354;https://s.auto.drom.ru/i24227/pubs/26238/27042/2919718.svg
1.20.2.;Сужение дороги;https://www.drom.ru/pdd/pdd/signs/#65355;https://s.auto.drom.ru/i24227/pubs/26238/27043/2919719.svg
1.20.3.;Сужение дороги;https://www.drom.ru/pdd/pdd/signs/#65356;https://s.auto.drom.ru/i24227/pubs/26238/27044/2919720.svg
1.21.;Двустороннее движение;https://www.drom.ru/pdd/pdd/signs/#65357;https://s.auto.drom.ru/i24227/pubs/26238/27045/2919721.svg
1.22.;Пешеходный переход;https://www.drom.ru/pdd/pdd/signs/#65358;https://s.auto.drom.ru/i24227/pubs/26238/27046/2919722.svg
1.23.;Дети;https://www.drom.ru/pdd/pdd/signs/#65359;https://s.auto.drom.ru/i24227/pubs/26197/65359/2930382.svg
1.24.;Пересечение с велосипедной дорожкой или велопешеходной дорожкой;https://www.drom.ru/pdd/pdd/signs/#65360;https://s.auto.drom.ru/i24227/pubs/26197/65360/2930383.svg
1.25.;Дорожные работы;https://www.drom.ru/pdd/pdd/signs/#65361;https://s.auto.drom.ru/i24227/pubs/26238/27049/2919724.svg
1.26.;Перегон скота;https://www.drom.ru/pdd/pdd/signs/#65362;https://s.auto.drom.ru/i24227/pubs/26238/27050/2919725.svg
1.27.;Дикие животные;https://www.drom.ru/pdd/pdd/signs/#65363;https://s.auto.drom.ru/i24227/pubs/26238/27051/2919726.svg
1.28.;Падение камней;https://www.drom.ru/pdd/pdd/signs/#65364;https://s.auto.drom.ru/i24227/pubs/26238/27052/2919727.svg
1.29.;Боковой ветер;https://www.drom.ru/pdd/pdd/signs/#65365;https://s.auto.drom.ru/i24227/pubs/26238/27053/2919728.svg
1.30.;Низколетящие самолеты;https://www.drom.ru/pdd/pdd/signs/#65366;https://s.auto.drom.ru/i24227/pubs/26238/27054/2919729.svg
1.31.;Тоннель;https://www.drom.ru/pdd/pdd/signs/#65367;https://s.auto.drom.ru/i24227/pubs/26238/27055/2919730.svg
1.32.;Затор;https://www.drom.ru/pdd/pdd/signs/#65368;https://s.auto.drom.ru/i24227/pubs/26238/27056/2919732.svg
1.33.;Прочие опасности;https://www.drom.ru/pdd/pdd/signs/#65369;https://s.auto.drom.ru/i24227/pubs/26238/27057/2919731.svg
1.34.1.;Направление поворота;https://www.drom.ru/pdd/pdd/signs/#65370;https://s.auto.drom.ru/i24227/pubs/26238/27058/2919733.svg
1.34.2.;Направление поворота;https://www.drom.ru/pdd/pdd/signs/#65371;https://s.auto.drom.ru/i24227/pubs/26238/27059/2919734.svg
1.34.3.;Направление поворота;https://www.drom.ru/pdd/pdd/signs/#65372;https://s.auto.drom.ru/i24227/pubs/26238/27060/2919735.svg
1.35.;Участок перекрестка;https://www.drom.ru/pdd/pdd/signs/#65373;https://s.auto.drom.ru/i24255/pubs/26197/65373/3662372.svg
2.1.;Главная дорога;https://www.drom.ru/pdd/pdd/signs/#65374;https://s.auto.drom.ru/i24227/pubs/26238/27061/2919737.svg
2.2.;Конец главной дороги;https://www.drom.ru/pdd/pdd/signs/#65375;https://s.auto.drom.ru/i24227/pubs/26238/27062/2919738.svg
2.3.1.;Пересечение со второстепенной дорогой;https://www.drom.ru/pdd/pdd/signs/#65376;https://s.auto.drom.ru/i24227/pubs/26238/27063/2919739.svg
2.3.2.;Примыкание второстепенной дороги;https://www.drom.ru/pdd/pdd/signs/#65377;https://s.auto.drom.ru/i24241/pubs/26197/65377/3161495.svg
2.3.3.;Примыкание второстепенной дороги;https://www.drom.ru/pdd/pdd/signs/#65377;https://s.auto.drom.ru/i24241/pubs/26197/65377/3161495.svg
2.3.4.;Примыкание второстепенной дороги;https://www.drom.ru/pdd/pdd/signs/#65377;https://s.auto.drom.ru/i24241/pubs/26197/65377/3161495.svg
2.3.5.;Примыкание второстепенной дороги;https://www.drom.ru/pdd/pdd/signs/#65377;https://s.auto.drom.ru/i24241/pubs/26197/65377/3161495.svg
2.3.6.;Примыкание второстепенной дороги;https://www.drom.ru/pdd/pdd/signs/#65377;https://s.auto.drom.ru/i24241/pubs/26197/65377/3161495.svg
2.3.7.;Примыкание второстепенной дороги;https://www.drom.ru/pdd/pdd/signs/#65377;https://s.auto.drom.ru/i24241/pubs/26197/65377/3161495.svg
2.4.;Уступите дорогу;https://www.drom.ru/pdd/pdd/signs/#65378;https://s.auto.drom.ru/i24227/pubs/26238/27066/2919741.svg
2.5.;Движение без остановки запрещено;https://www.drom.ru/pdd/pdd/signs/#65379;https://s.auto.drom.ru/i24227/pubs/26238/27067/2919742.svg
2.6.;Преимущество встречного движения;https://www.drom.ru/pdd/pdd/signs/#65380;https://s.auto.drom.ru/i24227/pubs/26238/27068/2919743.svg
2.7.;Преимущество перед встречным движением;https://www.drom.ru/pdd/pdd/signs/#65381;https://s.auto.drom.ru/i24241/pubs/26197/65381/3154547.svg
3.1.;Въезд запрещен;https://www.drom.ru/pdd/pdd/signs/#65382;https://s.auto.drom.ru/i24227/pubs/26238/27079/2919745.svg
3.2.;Движение запрещено;https://www.drom.ru/pdd/pdd/signs/#65383;https://s.auto.drom.ru/i24227/pubs/26238/27080/2919746.svg
3.3.;Движение механических транспортных средств запрещено;https://www.drom.ru/pdd/pdd/signs/#65384;https://s.auto.drom.ru/i24227/pubs/26238/27081/2919747.svg
3.4.;Движение грузовых автомобилей запрещено;https://www.drom.ru/pdd/pdd/signs/#65385;https://s.auto.drom.ru/i24227/pubs/26238/27082/2919748.svg
3.5.;Движение мотоциклов запрещено;https://www.drom.ru/pdd/pdd/signs/#65386;https://s.auto.drom.ru/i24227/pubs/26238/27083/2919749.svg
3.6.;Движение тракторов запрещено;https://www.drom.ru/pdd/pdd/signs/#65387;https://s.auto.drom.ru/i24227/pubs/26238/27084/2919750.svg
3.7.;Движение с прицепом запрещено;https://www.drom.ru/pdd/pdd/signs/#65388;https://s.auto.drom.ru/i24227/pubs/26238/27085/2919751.svg
3.8.;Движение гужевых повозок запрещено;https://www.drom.ru/pdd/pdd/signs/#65389;https://s.auto.drom.ru/i24227/pubs/26238/27086/2919752.svg
3.9.;Движение на велосипедах запрещено;https://www.drom.ru/pdd/pdd/signs/#65390;https://s.auto.drom.ru/i24227/pubs/26238/27087/2919753.svg
3.10.;Движение пешеходов запрещено;https://www.drom.ru/pdd/pdd/signs/#65391;https://s.auto.drom.ru/i24227/pubs/26238/27088/2919754.svg
3.11.;Ограничение массы;https://www.drom.ru/pdd/pdd/signs/#65392;https://s.auto.drom.ru/i24227/pubs/26238/27089/2919755.svg
3.12.;Ограничение массы приходящейся на ось транспортного средства;https://www.drom.ru/pdd/pdd/signs/#65393;https://s.auto.drom.ru/i24227/pubs/26238/27090/2919756.svg
3.13.;Ограничение высоты;https://www.drom.ru/pdd/pdd/signs/#65394;https://s.auto.drom.ru/i24227/pubs/26238/27091/2919757.svg
3.14.;Ограничение ширины;https://www.drom.ru/pdd/pdd/signs/#65395;https://s.auto.drom.ru/i24227/pubs/26238/27092/2919758.svg
3.15.;Ограничение длины;https://www.drom.ru/pdd/pdd/signs/#65396;https://s.auto.drom.ru/i24239/pubs/26197/65396/3113069.svg
3.16.;Ограничение минимальной дистанции;https://www.drom.ru/pdd/pdd/signs/#65397;https://s.auto.drom.ru/i24227/pubs/26238/27094/2919760.svg
3.17.1.;Таможня;https://www.drom.ru/pdd/pdd/signs/#65398;https://s.auto.drom.ru/i24227/pubs/26238/27095/2919761.svg
3.17.2.;Опасность;https://www.drom.ru/pdd/pdd/signs/#65399;https://s.auto.drom.ru/i24227/pubs/26238/27096/2919762.svg
3.17.3.;Контроль;https://www.drom.ru/pdd/pdd/signs/#65400;https://s.auto.drom.ru/i24227/pubs/26238/27097/2919763.svg
3.18.1.;Поворот направо запрещен;https://www.drom.ru/pdd/pdd/signs/#65401;https://s.auto.drom.ru/i24227/pubs/26238/27098/2919764.svg
3.18.2.;Поворот налево запрещен;https://www.drom.ru/pdd/pdd/signs/#65402;https://s.auto.drom.ru/i24227/pubs/26238/27099/2919765.svg
3.19.;Разворот запрещен;https://www.drom.ru/pdd/pdd/signs/#65403;https://s.auto.drom.ru/i24227/pubs/26238/27101/2919766.svg
3.20.;Обгон запрещен;https://www.drom.ru/pdd/pdd/signs/#65404;https://s.auto.drom.ru/i24227/pubs/26238/27102/2919767.svg
3.21.;Конец зоны запрещения обгона;https://www.drom.ru/pdd/pdd/signs/#65405;https://s.auto.drom.ru/i24227/pubs/26238/27103/2919768.svg
3.22.;Обгон грузовым автомобилем запрещен;https://www.drom.ru/pdd/pdd/signs/#65406;https://s.auto.drom.ru/i24227/pubs/26238/27104/2919769.svg
3.23.;Конец зоны запрещения обгона грузовым автомобилям;https://www.drom.ru/pdd/pdd/signs/#65407;https://s.auto.drom.ru/i24227/pubs/26238/27105/2920828.svg
3.24.;Ограничение максимальной скорости;https://www.drom.ru/pdd/pdd/signs/#65408;https://s.auto.drom.ru/i24227/pubs/26238/27106/2920829.svg
3.25.;Конец зоны ограничения максимальной скорости;https://www.drom.ru/pdd/pdd/signs/#65409;https://s.auto.drom.ru/i24227/pubs/26238/27107/2920830.svg
3.26.;Подача звукового сигнала запрещена;https://www.drom.ru/pdd/pdd/signs/#65410;https://s.auto.drom.ru/i24227/pubs/26238/27108/2920831.svg
3.27.;Остановка запрещена;https://www.drom.ru/pdd/pdd/signs/#65411;https://s.auto.drom.ru/i24227/pubs/26238/27109/2920832.svg
3.28.;Стоянка запрещена;https://www.drom.ru/pdd/pdd/signs/#65412;https://s.auto.drom.ru/i24227/pubs/26238/27110/2920833.svg
3.29.;Стоянка запрещена по нечетным числам месяца;https://www.drom.ru/pdd/pdd/signs/#65413;https://s.auto.drom.ru/i24227/pubs/26238/27111/2920834.svg
3.30.;Стоянка запрещена по четным числам месяца;https://www.drom.ru/pdd/pdd/signs/#65414;https://s.auto.drom.ru/i24227/pubs/26238/27112/2920835.svg
3.31.;Конец зоны всех ограничений;https://www.drom.ru/pdd/pdd/signs/#65415;https://s.auto.drom.ru/i24227/pubs/26238/27113/2920836.svg
3.32.;Движение транспортных средств с опасными грузами запрещено;https://www.drom.ru/pdd/pdd/signs/#65416;https://s.auto.drom.ru/i24227/pubs/26238/27114/2920837.svg
3.33.;Движение транспортных средств с взрывчатыми и легковоспламеняющимися грузами запрещено;https://www.drom.ru/pdd/pdd/signs/#65417;https://s.auto.drom.ru/i24227/pubs/26238/27115/2920838.svg
4.1.1.;Движение прямо;https://www.drom.ru/pdd/pdd/signs/#65418;https://s.auto.drom.ru/i24227/pubs/26238/27116/2920839.svg
4.1.2.;Движение направо;https://www.drom.ru/pdd/pdd/signs/#65419;https://s.auto.drom.ru/i24227/pubs/26238/27117/2920840.svg
4.1.3.;Движение налево;https://www.drom.ru/pdd/pdd/signs/#65420;https://s.auto.drom.ru/i24227/pubs/26238/27118/2920841.svg
4.1.4.;Движение прямо или направо;https://www.drom.ru/pdd/pdd/signs/#65421;https://s.auto.drom.ru/i24227/pubs/26238/27120/2920842.svg
4.1.5.;Движение прямо или налево;https://www.drom.ru/pdd/pdd/signs/#65422;https://s.auto.drom.ru/i24227/pubs/26238/27121/2920843.svg
4.1.6.;Движение направо или налево;https://www.drom.ru/pdd/pdd/signs/#65423;https://s.auto.drom.ru/i24227/pubs/26238/27122/2920844.svg
4.2.1.;Объезд препятствия справа;https://www.drom.ru/pdd/pdd/signs/#65424;https://s.auto.drom.ru/i24227/pubs/26238/27123/2920845.svg
4.2.2.;Объезд препятствия слева;https://www.drom.ru/pdd/pdd/signs/#65425;https://s.auto.drom.ru/i24227/pubs/26238/27124/2920846.svg
4.2.3.;Объезд препятствия справа или слева;https://www.drom.ru/pdd/pdd/signs/#65426;https://s.auto.drom.ru/i24227/pubs/26238/27125/2920847.svg
4.3.;Круговое движение;https://www.drom.ru/pdd/pdd/signs/#65427;https://s.auto.drom.ru/i24227/pubs/26238/27126/2920848.svg
4.4.1.;Велосипедная дорожка;https://www.drom.ru/pdd/pdd/signs/#65428;https://s.auto.drom.ru/i24231/pubs/26197/65428/2981105.svg
4.4.2.;Конец велосипедной дорожки;https://www.drom.ru/pdd/pdd/signs/#65433;https://s.auto.drom.ru/i24227/pubs/26238/27845/2920857.svg
4.5.1.;Пешеходная дорожка;https://www.drom.ru/pdd/pdd/signs/#65429;https://s.auto.drom.ru/i24227/pubs/26238/27128/2920851.svg
4.5.2.;Пешеходная и велосипедная дорожка с совмещенным движением велопешеходная дорожка с совмещенным движением;https://www.drom.ru/pdd/pdd/signs/#65434;https://s.auto.drom.ru/i24227/pubs/26238/27846/2920858.svg
4.5.3.;Конец пешеходной и велосипедной дорожки с совмещенным движением конец велопешеходной дорожки с совмещенным движением;https://www.drom.ru/pdd/pdd/signs/#65435;https://s.auto.drom.ru/i24227/pubs/26238/27847/2920859.svg
4.5.4.;Пешеходная и велосипедная дорожка с разделением движения;https://www.drom.ru/pdd/pdd/signs/#65436;https://s.auto.drom.ru/i24227/pubs/26238/27848/2920860.svg
4.5.5.;Пешеходная и велосипедная дорожка с разделением движения;https://www.drom.ru/pdd/pdd/signs/#65437;https://s.auto.drom.ru/i24227/pubs/26238/27849/2920850.svg
4.5.6.;Конец пешеходной и велосипедной дорожки с разделением движения конец велопешеходной дорожки с разделением движения;https://www.drom.ru/pdd/pdd/signs/#65438;https://s.auto.drom.ru/i24227/pubs/26238/27850/2920861.svg
4.5.7.;Конец пешеходной и велосипедной дорожки с разделением движения конец велопешеходной дорожки с разделением движения;https://www.drom.ru/pdd/pdd/signs/#65439;https://s.auto.drom.ru/i24227/pubs/26238/27851/2920862.svg
4.6.;Ограничение минимальной скорости;https://www.drom.ru/pdd/pdd/signs/#65430;https://s.auto.drom.ru/i24227/pubs/26238/27129/2920852.svg
4.7.;Конец зоны ограничения минимальной скорости;https://www.drom.ru/pdd/pdd/signs/#65431;https://s.auto.drom.ru/i24227/pubs/26238/27130/2920853.svg
4.8.1.;Направление движения транспортных средств с опасными грузами;https://www.drom.ru/pdd/pdd/signs/#65432;https://s.auto.drom.ru/i24241/pubs/26197/65432/3161496.svg
5.1.;Автомагистраль;https://www.drom.ru/pdd/pdd/signs/#65440;https://s.auto.drom.ru/i24227/pubs/26238/27132/2920869.svg
5.2.;Конец автомагистрали;https://www.drom.ru/pdd/pdd/signs/#65441;https://s.auto.drom.ru/i24227/pubs/26238/27133/2920870.svg
5.3.;Дорога для автомобилей;https://www.drom.ru/pdd/pdd/signs/#65442;https://s.auto.drom.ru/i24241/pubs/26197/65442/3154546.svg
5.4.;Конец дороги для автомобилей;https://www.drom.ru/pdd/pdd/signs/#65443;https://s.auto.drom.ru/i24241/pubs/26197/65443/3154545.svg
5.5.;Дорога с односторонним движением;https://www.drom.ru/pdd/pdd/signs/#65444;https://s.auto.drom.ru/i24227/pubs/26238/27136/2920873.svg
5.6.;Конец дороги с односторонним движением;https://www.drom.ru/pdd/pdd/signs/#65445;https://s.auto.drom.ru/i24227/pubs/26238/27137/2920874.svg
5.7.1.;Выезд на дорогу с односторонним движением;https://www.drom.ru/pdd/pdd/signs/#65446;https://s.auto.drom.ru/i24241/pubs/26197/65446/3161455.svg
5.7.2.;Выезд на дорогу с односторонним движением;https://www.drom.ru/pdd/pdd/signs/#65446;https://s.auto.drom.ru/i24241/pubs/26197/65446/3161455.svg
5.8.;Реверсивное движение;https://www.drom.ru/pdd/pdd/signs/#65447;https://s.auto.drom.ru/i24227/pubs/26238/27139/2920877.svg
5.9.;Конец реверсивного движения;https://www.drom.ru/pdd/pdd/signs/#65448;https://s.auto.drom.ru/i24227/pubs/26238/27140/2920878.svg
5.10.;Выезд на дорогу с реверсивным движением;https://www.drom.ru/pdd/pdd/signs/#65449;https://s.auto.drom.ru/i24227/pubs/26238/27141/2920879.svg
5.11.1.;Дорога с полосой для маршрутных транспортных средств;https://www.drom.ru/pdd/pdd/signs/#65450;https://s.auto.drom.ru/i24227/pubs/26238/27142/2920880.svg
5.11.2.;Дорога с полосой для велосипедистов;https://www.drom.ru/pdd/pdd/signs/#65481;https://s.auto.drom.ru/i24227/pubs/26238/27876/2920881.svg
5.12.1.;Конец дороги с полосой для маршрутных транспортных средств;https://www.drom.ru/pdd/pdd/signs/#65451;https://s.auto.drom.ru/i24227/pubs/26238/27143/2920882.svg
5.12.2.;Конец дороги с полосой для велосипедистов;https://www.drom.ru/pdd/pdd/signs/#65482;https://s.auto.drom.ru/i24227/pubs/26197/65482/2929244.svg
5.13.1.;Выезд на дорогу с полосой для маршрутных транспортных средств;https://www.drom.ru/pdd/pdd/signs/#65452;https://s.auto.drom.ru/i24241/pubs/26197/65452/3161453.svg
5.13.2.;Выезд на дорогу с полосой для маршрутных транспортных средств;https://www.drom.ru/pdd/pdd/signs/#65452;https://s.auto.drom.ru/i24241/pubs/26197/65452/3161453.svg
5.13.3.;Выезд на дорогу с полосой для велосипедистов;https://www.drom.ru/pdd/pdd/signs/#65483;https://s.auto.drom.ru/i24227/pubs/26238/27878/2920885.svg
5.13.4.;Выезд на дорогу с полосой для велосипедистов;https://www.drom.ru/pdd/pdd/signs/#65484;https://s.auto.drom.ru/i24227/pubs/26238/27879/2920886.svg
5.14.;Полоса для маршрутных транспортных средств;https://www.drom.ru/pdd/pdd/signs/#65453;https://s.auto.drom.ru/i24239/pubs/26197/65453/3113070.svg
5.14.1.;Конец полосы для маршрутных транспортных средств;https://www.drom.ru/pdd/pdd/signs/#65454;https://s.auto.drom.ru/i24227/pubs/26238/27146/2920891.svg
5.14.2.;Полоса для велосипедистов Конец полосы для велосипедистов;https://www.drom.ru/pdd/pdd/signs/#65485;https://s.auto.drom.ru/i24227/pubs/26238/59758/2920892.svg
5.14.3.;Полоса для велосипедистов Конец полосы для велосипедистов;https://www.drom.ru/pdd/pdd/signs/#65485;https://s.auto.drom.ru/i24227/pubs/26238/59758/2920892.svg
5.15.1.;Направления движения по полосам;https://www.drom.ru/pdd/pdd/signs/#65455;https://s.auto.drom.ru/i24241/pubs/26197/65455/3154544.svg
5.15.2.;Направления движения по полосам;https://www.drom.ru/pdd/pdd/signs/#65456;https://s.auto.drom.ru/i24227/pubs/26238/27148/2920895.svg
5.15.3.;Начало полосы;https://www.drom.ru/pdd/pdd/signs/#65457;https://s.auto.drom.ru/i24227/pubs/26238/27149/2920896.svg
5.15.4.;Начало полосы;https://www.drom.ru/pdd/pdd/signs/#65458;https://s.auto.drom.ru/i24227/pubs/26238/27150/2920897.svg
5.15.5.;Конец полосы;https://www.drom.ru/pdd/pdd/signs/#65459;https://s.auto.drom.ru/i24239/pubs/26197/65459/3113067.svg
5.15.6.;Конец полосы;https://www.drom.ru/pdd/pdd/signs/#67500;https://s.auto.drom.ru/i24239/pubs/26197/67500/3113068.svg
5.15.7.;Направление движения по полосам;https://www.drom.ru/pdd/pdd/signs/#65460;https://s.auto.drom.ru/i24241/pubs/26197/65460/3161452.svg
5.15.8.;Число полос;https://www.drom.ru/pdd/pdd/signs/#65461;https://s.auto.drom.ru/i24227/pubs/26238/27153/2920901.svg
5.16.;Место остановки автобуса и или троллейбуса;https://www.drom.ru/pdd/pdd/signs/#65462;https://s.auto.drom.ru/i24227/pubs/26238/27154/2920902.svg
5.17.;Место остановки трамвая;https://www.drom.ru/pdd/pdd/signs/#65463;https://s.auto.drom.ru/i24227/pubs/26238/27155/2920903.svg
5.18.;Место стоянки легковых такси;https://www.drom.ru/pdd/pdd/signs/#65464;https://s.auto.drom.ru/i24227/pubs/26238/27156/2920904.svg
5.19.1.;Пешеходный переход;https://www.drom.ru/pdd/pdd/signs/#65465;https://s.auto.drom.ru/i24241/pubs/26197/65465/3161454.svg
5.19.2.;Пешеходный переход;https://www.drom.ru/pdd/pdd/signs/#65465;https://s.auto.drom.ru/i24241/pubs/26197/65465/3161454.svg
5.20.;Искусственная неровность;https://www.drom.ru/pdd/pdd/signs/#65466;https://s.auto.drom.ru/i24227/pubs/26238/27158/2920910.svg
5.21.;Жилая зона;https://www.drom.ru/pdd/pdd/signs/#65467;https://s.auto.drom.ru/i24227/pubs/26238/27159/2920911.svg
5.22.;Конец жилой зоны;https://www.drom.ru/pdd/pdd/signs/#65468;https://s.auto.drom.ru/i24227/pubs/26238/27160/2920912.svg
5.23.1.;Начало населенного пункта;https://www.drom.ru/pdd/pdd/signs/#65469;https://s.auto.drom.ru/i24241/pubs/26197/65469/3161456.svg
5.23.2.;Начало населенного пункта;https://www.drom.ru/pdd/pdd/signs/#65469;https://s.auto.drom.ru/i24241/pubs/26197/65469/3161456.svg
5.24.1.;Конец населенного пункта;https://www.drom.ru/pdd/pdd/signs/#65470;https://s.auto.drom.ru/i24241/pubs/26197/65470/3161457.svg
5.24.2.;Конец населенного пункта;https://www.drom.ru/pdd/pdd/signs/#65470;https://s.auto.drom.ru/i24241/pubs/26197/65470/3161457.svg
5.25.;Начало населенного пункта;https://www.drom.ru/pdd/pdd/signs/#65471;https://s.auto.drom.ru/i24227/pubs/26238/27163/2922676.svg
5.26.;Конец населенного пункта;https://www.drom.ru/pdd/pdd/signs/#65472;https://s.auto.drom.ru/i24227/pubs/26238/27164/2922677.svg
5.27.;Зона с ограничением стоянки;https://www.drom.ru/pdd/pdd/signs/#65473;https://s.auto.drom.ru/i24227/pubs/26238/27165/2922678.svg
5.28.;Конец зоны с ограничением стоянки;https://www.drom.ru/pdd/pdd/signs/#65474;https://s.auto.drom.ru/i24227/pubs/26238/27166/2922679.svg
5.29.;Зона регулируемой стоянки;https://www.drom.ru/pdd/pdd/signs/#65475;https://s.auto.drom.ru/i24227/pubs/26238/27167/2922680.svg
5.30.;Конец зоны регулируемой стоянки;https://www.drom.ru/pdd/pdd/signs/#65476;https://s.auto.drom.ru/i24227/pubs/26238/27168/2922681.svg
5.31.;Зона с ограничением максимальной скорости;https://www.drom.ru/pdd/pdd/signs/#65477;https://s.auto.drom.ru/i24227/pubs/26238/27169/2922682.svg
5.32.;Конец зоны с ограничением максимальной скорости;https://www.drom.ru/pdd/pdd/signs/#65478;https://s.auto.drom.ru/i24227/pubs/26238/27170/2922683.svg
5.33.;Пешеходная зона;https://www.drom.ru/pdd/pdd/signs/#65479;https://s.auto.drom.ru/i24227/pubs/26238/27171/2922684.svg
5.33.1.;Велосипедная зона;https://www.drom.ru/pdd/pdd/signs/#66143;https://s.auto.drom.ru/i24228/pubs/26197/66143/2946502.svg
5.34.;Конец пешеходной зоны;https://www.drom.ru/pdd/pdd/signs/#65480;https://s.auto.drom.ru/i24227/pubs/26238/27172/2922685.svg
5.34.1.;Конец велосипедной зоны;https://www.drom.ru/pdd/pdd/signs/#66144;https://s.auto.drom.ru/i24228/pubs/26197/66144/2946503.svg
5.35.;Зона с ограничением экологического класса механических транспортных средств;https://www.drom.ru/pdd/pdd/signs/#65487;https://s.auto.drom.ru/i24227/pubs/26238/61648/2922690.svg
5.36.;Зона с ограничением экологического класса грузовых автомобилей;https://www.drom.ru/pdd/pdd/signs/#65488;https://s.auto.drom.ru/i24227/pubs/26238/61649/2922687.svg
5.37.;Конец зоны с ограничением экологического класса механических транспортных средств;https://www.drom.ru/pdd/pdd/signs/#65486;https://s.auto.drom.ru/i24227/pubs/26238/61647/2922688.svg
5.38.;Конец зоны с ограничением экологического класса грузовых автомобилей;https://www.drom.ru/pdd/pdd/signs/#65489;https://s.auto.drom.ru/i24227/pubs/26238/61651/2922689.svg
6.1.;Общие ограничения максимальной скорости;https://www.drom.ru/pdd/pdd/signs/#65490;https://s.auto.drom.ru/i24227/pubs/26238/27173/2922691.svg
6.2.;Рекомендуемая скорость;https://www.drom.ru/pdd/pdd/signs/#65491;https://s.auto.drom.ru/i24227/pubs/26238/27174/2922692.svg
6.3.1.;Место для разворота;https://www.drom.ru/pdd/pdd/signs/#65492;https://s.auto.drom.ru/i24227/pubs/26238/27201/2922693.svg
6.3.2.;Зона для разворота;https://www.drom.ru/pdd/pdd/signs/#65493;https://s.auto.drom.ru/i24227/pubs/26238/27202/2922694.svg
6.4.;Парковка парковочное место;https://www.drom.ru/pdd/pdd/signs/#65494;https://s.auto.drom.ru/i24227/pubs/26238/27203/2922695.svg
6.5.;Полоса аварийной остановки;https://www.drom.ru/pdd/pdd/signs/#65495;https://s.auto.drom.ru/i24227/pubs/26238/27204/2922696.svg
6.6.;Подземный пешеходный переход;https://www.drom.ru/pdd/pdd/signs/#65496;https://s.auto.drom.ru/i24227/pubs/26238/27205/2922697.svg
6.7.;Надземный пешеходный переход;https://www.drom.ru/pdd/pdd/signs/#65497;https://s.auto.drom.ru/i24227/pubs/26238/27206/2922698.svg
6.8.1.;Тупик;https://www.drom.ru/pdd/pdd/signs/#65498;https://s.auto.drom.ru/i24227/pubs/26238/27207/2922699.svg
6.8.2.;Тупик;https://www.drom.ru/pdd/pdd/signs/#65499;https://s.auto.drom.ru/i24227/pubs/26238/27208/2922700.svg
6.8.3.;Тупик;https://www.drom.ru/pdd/pdd/signs/#65500;https://s.auto.drom.ru/i24227/pubs/26238/27209/2922701.svg
6.9.1.;Предварительный указатель направлений;https://www.drom.ru/pdd/pdd/signs/#65501;https://s.auto.drom.ru/i24241/pubs/26197/65501/3154527.svg
6.9.2.;Предварительный указатель направления;https://www.drom.ru/pdd/pdd/signs/#65502;https://s.auto.drom.ru/i24227/pubs/26238/27211/2922703.svg
6.9.3.;Схема движения;https://www.drom.ru/pdd/pdd/signs/#65503;https://s.auto.drom.ru/i24227/pubs/26238/27212/2922704.svg
6.10.1.;Указатель направлений;https://www.drom.ru/pdd/pdd/signs/#65504;https://s.auto.drom.ru/i24227/pubs/26238/27213/2922705.svg
6.10.2.;Указатель направлений;https://www.drom.ru/pdd/pdd/signs/#65505;https://s.auto.drom.ru/i24227/pubs/26238/27214/2922706.svg
6.11.;Наименование объекта;https://www.drom.ru/pdd/pdd/signs/#65506;https://s.auto.drom.ru/i24227/pubs/26238/27215/2922707.svg
6.12.;Указатель расстояний;https://www.drom.ru/pdd/pdd/signs/#65507;https://s.auto.drom.ru/i24241/pubs/26197/65507/3154536.svg
6.13.;Километровый знак;https://www.drom.ru/pdd/pdd/signs/#65508;https://s.auto.drom.ru/i24227/pubs/26238/27217/2922709.svg
6.14.1.;Номер маршрута;https://www.drom.ru/pdd/pdd/signs/#65509;https://s.auto.drom.ru/i24227/pubs/26238/27218/2922710.svg
6.14.2.;Номер маршрута;https://www.drom.ru/pdd/pdd/signs/#65510;https://s.auto.drom.ru/i24227/pubs/26238/27219/2922711.svg
6.15.1.;Направление движения для грузовых автомобилей;https://www.drom.ru/pdd/pdd/signs/#65511;https://s.auto.drom.ru/i24227/pubs/26238/27220/2922712.svg
6.15.2.;Направление движения для грузовых автомобилей;https://www.drom.ru/pdd/pdd/signs/#65512;https://s.auto.drom.ru/i24227/pubs/26238/27221/2922713.svg
6.15.3.;Направление движения для грузовых автомобилей;https://www.drom.ru/pdd/pdd/signs/#65513;https://s.auto.drom.ru/i24227/pubs/26238/27222/2922714.svg
6.16.;Стоп линия;https://www.drom.ru/pdd/pdd/signs/#65514;https://s.auto.drom.ru/i24227/pubs/26238/27223/2923068.svg
6.17.;Схема объезда;https://www.drom.ru/pdd/pdd/signs/#65515;https://s.auto.drom.ru/i24227/pubs/26238/27224/2923069.svg
6.18.1.;Направление объезда;https://www.drom.ru/pdd/pdd/signs/#65516;https://s.auto.drom.ru/i24227/pubs/26238/27225/2923070.svg
6.18.2.;Направление объезда;https://www.drom.ru/pdd/pdd/signs/#65517;https://s.auto.drom.ru/i24227/pubs/26238/27226/2923071.svg
6.18.3.;Направление объезда;https://www.drom.ru/pdd/pdd/signs/#65518;https://s.auto.drom.ru/i24227/pubs/26238/27227/2923072.svg
6.19.1.;Предварительный указатель перестроения на другую проезжую часть;https://www.drom.ru/pdd/pdd/signs/#65519;https://s.auto.drom.ru/i24241/pubs/26197/65519/3161497.svg
6.19.2.;Предварительный указатель перестроения на другую проезжую часть;https://www.drom.ru/pdd/pdd/signs/#65519;https://s.auto.drom.ru/i24241/pubs/26197/65519/3161497.svg
6.20.1.;Аварийный выход;https://www.drom.ru/pdd/pdd/signs/#65520;https://s.auto.drom.ru/i24241/pubs/26197/65520/3161458.svg
6.20.2.;Аварийный выход;https://www.drom.ru/pdd/pdd/signs/#65520;https://s.auto.drom.ru/i24241/pubs/26197/65520/3161458.svg
6.21.;Направление движения к аварийному выходу;https://www.drom.ru/pdd/pdd/signs/#65521;https://s.auto.drom.ru/i24227/pubs/26238/27231/2923077.svg
6.22.;Фотовидеофиксация;https://www.drom.ru/pdd/pdd/signs/#82921;https://s.auto.drom.ru/i24255/pubs/26197/82921/3658416.svg
7.1.;Пункт медицинской помощи;https://www.drom.ru/pdd/pdd/signs/#65522;https://s.auto.drom.ru/i24227/pubs/26238/27232/2923078.svg
7.2.;Больница;https://www.drom.ru/pdd/pdd/signs/#65523;https://s.auto.drom.ru/i24227/pubs/26238/27233/2923079.svg
7.3.;Автозаправочная станция;https://www.drom.ru/pdd/pdd/signs/#65524;https://s.auto.drom.ru/i24227/pubs/26238/27234/2923080.svg
7.4.;Техническое обслуживание автомобилей;https://www.drom.ru/pdd/pdd/signs/#65525;https://s.auto.drom.ru/i24227/pubs/26238/27235/2923081.svg
7.5.;Мойка автомобилей;https://www.drom.ru/pdd/pdd/signs/#65526;https://s.auto.drom.ru/i24227/pubs/26238/27236/2923082.svg
7.6.;Телефон;https://www.drom.ru/pdd/pdd/signs/#65527;https://s.auto.drom.ru/i24227/pubs/26238/27237/2923083.svg
7.7.;Пункт питания;https://www.drom.ru/pdd/pdd/signs/#65528;https://s.auto.drom.ru/i24227/pubs/26238/27238/2923084.svg
7.8.;Питьевая вода;https://www.drom.ru/pdd/pdd/signs/#65529;https://s.auto.drom.ru/i24227/pubs/26238/27239/2923085.svg
7.9.;Гостиница или мотель;https://www.drom.ru/pdd/pdd/signs/#65530;https://s.auto.drom.ru/i24227/pubs/26238/27240/2923086.svg
7.10.;Кемпинг;https://www.drom.ru/pdd/pdd/signs/#65531;https://s.auto.drom.ru/i24227/pubs/26238/27241/2923087.svg
7.11.;Место отдыха;https://www.drom.ru/pdd/pdd/signs/#65532;https://s.auto.drom.ru/i24227/pubs/26238/27242/2923088.svg
7.12.;Пост дорожно патрульной службы;https://www.drom.ru/pdd/pdd/signs/#65533;https://s.auto.drom.ru/i24227/pubs/26238/27243/2923089.svg
7.13.;Полиция;https://www.drom.ru/pdd/pdd/signs/#65534;https://s.auto.drom.ru/i24227/pubs/26238/27244/2923090.svg
7.14.;Пункт транспортного контроля;https://www.drom.ru/pdd/pdd/signs/#65535;https://s.auto.drom.ru/i24227/pubs/26238/27245/2923091.svg
7.14.1.;Пункт таможенного контроля;https://www.drom.ru/pdd/pdd/signs/#66145;https://s.auto.drom.ru/i24228/pubs/26197/66145/2945612.svg
7.15.;Зона приема радиостанции передающей информацию о дорожном движении;https://www.drom.ru/pdd/pdd/signs/#65536;https://s.auto.drom.ru/i24227/pubs/26238/27246/2923092.svg
7.16.;Зона радиосвязи с аварийными службами;https://www.drom.ru/pdd/pdd/signs/#65537;https://s.auto.drom.ru/i24227/pubs/26238/27247/2923093.svg
7.17.;Бассейн или пляж;https://www.drom.ru/pdd/pdd/signs/#65538;https://s.auto.drom.ru/i24227/pubs/26238/27248/2923094.svg
7.18.;Туалет;https://www.drom.ru/pdd/pdd/signs/#65539;https://s.auto.drom.ru/i24227/pubs/26238/27249/2923095.svg
7.19.;Телефон экстренной связи;https://www.drom.ru/pdd/pdd/signs/#65540;https://s.auto.drom.ru/i24227/pubs/26238/27250/2923096.svg
7.20.;Огнетушитель;https://www.drom.ru/pdd/pdd/signs/#65541;https://s.auto.drom.ru/i24227/pubs/26238/27251/2923097.svg
7.21.;Автозаправочная станция с возможностью зарядки электромобилей;https://www.drom.ru/pdd/pdd/signs/#65542;https://s.auto.drom.ru/i24227/pubs/26238/65014/2923098.svg
8.1.1.;Расстояние до объекта;https://www.drom.ru/pdd/pdd/signs/#65543;https://s.auto.drom.ru/i24227/pubs/26238/27252/2923943.svg
8.1.2.;Расстояние до объекта;https://www.drom.ru/pdd/pdd/signs/#65544;https://s.auto.drom.ru/i24227/pubs/26238/27253/2923944.svg
8.1.3.;Расстояние до объекта;https://www.drom.ru/pdd/pdd/signs/#65545;https://s.auto.drom.ru/i24227/pubs/26238/27254/2923945.svg
8.1.4.;Расстояние до объекта;https://www.drom.ru/pdd/pdd/signs/#65545;https://s.auto.drom.ru/i24227/pubs/26238/27254/2923945.svg
8.2.1.;Зона действия;https://www.drom.ru/pdd/pdd/signs/#65547;https://s.auto.drom.ru/i24241/pubs/26197/65547/3161469.svg
8.2.2.;Зона действия;https://www.drom.ru/pdd/pdd/signs/#65547;https://s.auto.drom.ru/i24241/pubs/26197/65547/3161469.svg
8.2.3.;Зона действия;https://www.drom.ru/pdd/pdd/signs/#65547;https://s.auto.drom.ru/i24241/pubs/26197/65547/3161469.svg
8.2.4.;Зона действия;https://www.drom.ru/pdd/pdd/signs/#65547;https://s.auto.drom.ru/i24241/pubs/26197/65547/3161469.svg
8.2.5.;Зона действия;https://www.drom.ru/pdd/pdd/signs/#65547;https://s.auto.drom.ru/i24241/pubs/26197/65547/3161469.svg
8.2.6.;Зона действия;https://www.drom.ru/pdd/pdd/signs/#65547;https://s.auto.drom.ru/i24241/pubs/26197/65547/3161469.svg
8.3.1.;Направление действия;https://www.drom.ru/pdd/pdd/signs/#65548;https://s.auto.drom.ru/i24241/pubs/26197/65548/3161494.svg
8.3.2.;Направление действия;https://www.drom.ru/pdd/pdd/signs/#65548;https://s.auto.drom.ru/i24241/pubs/26197/65548/3161494.svg
8.3.3.;Направление действия;https://www.drom.ru/pdd/pdd/signs/#65548;https://s.auto.drom.ru/i24241/pubs/26197/65548/3161494.svg
8.4.1.;Вид транспортного средства;https://www.drom.ru/pdd/pdd/signs/#65549;https://s.auto.drom.ru/i24241/pubs/26197/65549/3161459.svg
8.4.2.;Вид транспортного средства;https://www.drom.ru/pdd/pdd/signs/#65549;https://s.auto.drom.ru/i24241/pubs/26197/65549/3161459.svg
8.4.3.;Вид транспортного средства;https://www.drom.ru/pdd/pdd/signs/#65549;https://s.auto.drom.ru/i24241/pubs/26197/65549/3161459.svg
8.4.3.1.;Вид транспортного средства;https://www.drom.ru/pdd/pdd/signs/#65549;https://s.auto.drom.ru/i24241/pubs/26197/65549/3161459.svg
8.4.4.;Вид транспортного средства;https://www.drom.ru/pdd/pdd/signs/#65549;https://s.auto.drom.ru/i24241/pubs/26197/65549/3161459.svg
8.4.5.;Вид транспортного средства;https://www.drom.ru/pdd/pdd/signs/#65549;https://s.auto.drom.ru/i24241/pubs/26197/65549/3161459.svg
8.4.6.;Вид транспортного средства;https://www.drom.ru/pdd/pdd/signs/#65549;https://s.auto.drom.ru/i24241/pubs/26197/65549/3161459.svg
8.4.7.;Вид транспортного средства;https://www.drom.ru/pdd/pdd/signs/#65549;https://s.auto.drom.ru/i24241/pubs/26197/65549/3161459.svg
8.4.8.;Вид транспортного средства;https://www.drom.ru/pdd/pdd/signs/#65549;https://s.auto.drom.ru/i24241/pubs/26197/65549/3161459.svg
8.4.9.;Кроме вида транспортных средства;https://www.drom.ru/pdd/pdd/signs/#65550;https://s.auto.drom.ru/i24241/pubs/26197/65550/3161486.svg
8.4.10.;Кроме вида транспортных средства;https://www.drom.ru/pdd/pdd/signs/#65550;https://s.auto.drom.ru/i24241/pubs/26197/65550/3161486.svg
8.4.11.;Кроме вида транспортных средства;https://www.drom.ru/pdd/pdd/signs/#65550;https://s.auto.drom.ru/i24241/pubs/26197/65550/3161486.svg
8.4.12.;Кроме вида транспортных средства;https://www.drom.ru/pdd/pdd/signs/#65550;https://s.auto.drom.ru/i24241/pubs/26197/65550/3161486.svg
8.4.13.;Кроме вида транспортных средства;https://www.drom.ru/pdd/pdd/signs/#65550;https://s.auto.drom.ru/i24241/pubs/26197/65550/3161486.svg
8.4.14.;Кроме вида транспортных средства;https://www.drom.ru/pdd/pdd/signs/#65550;https://s.auto.drom.ru/i24241/pubs/26197/65550/3161486.svg
8.4.15.;Кроме вида транспортных средства;https://www.drom.ru/pdd/pdd/signs/#65550;https://s.auto.drom.ru/i24241/pubs/26197/65550/3161486.svg
8.5.1.;Субботние воскресные и праздничные дни;https://www.drom.ru/pdd/pdd/signs/#65551;https://s.auto.drom.ru/i24227/pubs/26238/27260/2923971.svg
8.5.2.;Рабочие дни;https://www.drom.ru/pdd/pdd/signs/#65552;https://s.auto.drom.ru/i24227/pubs/26238/27261/2923972.svg
8.5.3.;Дни недели;https://www.drom.ru/pdd/pdd/signs/#65553;https://s.auto.drom.ru/i24227/pubs/26238/27262/2923973.svg
8.5.4.;Время действия;https://www.drom.ru/pdd/pdd/signs/#65554;https://s.auto.drom.ru/i24227/pubs/26238/27263/2923974.svg
8.5.5.;Время действия;https://www.drom.ru/pdd/pdd/signs/#65555;https://s.auto.drom.ru/i24241/pubs/26197/65555/3161479.svg
8.5.6.;Время действия;https://www.drom.ru/pdd/pdd/signs/#65555;https://s.auto.drom.ru/i24241/pubs/26197/65555/3161479.svg
8.5.7.;Время действия;https://www.drom.ru/pdd/pdd/signs/#65555;https://s.auto.drom.ru/i24241/pubs/26197/65555/3161479.svg
8.6.1.;Способ постановки транспортного средства на стоянку;https://www.drom.ru/pdd/pdd/signs/#65556;https://s.auto.drom.ru/i24241/pubs/26197/65556/3161470.svg
8.6.2.;Способ постановки транспортного средства на стоянку;https://www.drom.ru/pdd/pdd/signs/#65556;https://s.auto.drom.ru/i24241/pubs/26197/65556/3161470.svg
8.6.3.;Способ постановки транспортного средства на стоянку;https://www.drom.ru/pdd/pdd/signs/#65556;https://s.auto.drom.ru/i24241/pubs/26197/65556/3161470.svg
8.6.4.;Способ постановки транспортного средства на стоянку;https://www.drom.ru/pdd/pdd/signs/#65556;https://s.auto.drom.ru/i24241/pubs/26197/65556/3161470.svg
8.6.5.;Способ постановки транспортного средства на стоянку;https://www.drom.ru/pdd/pdd/signs/#65556;https://s.auto.drom.ru/i24241/pubs/26197/65556/3161470.svg
8.6.6.;Способ постановки транспортного средства на стоянку;https://www.drom.ru/pdd/pdd/signs/#65556;https://s.auto.drom.ru/i24241/pubs/26197/65556/3161470.svg
8.6.7.;Способ постановки транспортного средства на стоянку;https://www.drom.ru/pdd/pdd/signs/#65556;https://s.auto.drom.ru/i24241/pubs/26197/65556/3161470.svg
8.6.8.;Способ постановки транспортного средства на стоянку;https://www.drom.ru/pdd/pdd/signs/#65556;https://s.auto.drom.ru/i24241/pubs/26197/65556/3161470.svg
8.6.9.;Способ постановки транспортного средства на стоянку;https://www.drom.ru/pdd/pdd/signs/#65556;https://s.auto.drom.ru/i24241/pubs/26197/65556/3161470.svg
8.7.;Стоянка с неработающим двигателем;https://www.drom.ru/pdd/pdd/signs/#65557;https://s.auto.drom.ru/i24227/pubs/26238/27274/2923989.svg
8.8.;Платные услуги;https://www.drom.ru/pdd/pdd/signs/#65558;https://s.auto.drom.ru/i24227/pubs/26238/27275/2923990.svg
8.9.;Ограничение продолжительности стоянки;https://www.drom.ru/pdd/pdd/signs/#65559;https://s.auto.drom.ru/i24227/pubs/26238/27276/2923991.svg
8.9.1.;Стоянка только для владельцев парковочных разрешений;https://www.drom.ru/pdd/pdd/signs/#65576;https://s.auto.drom.ru/i24227/pubs/26238/64570/2924012.svg
8.9.2.;Стоянка только транспортных средств дипломатического корпуса;https://www.drom.ru/pdd/pdd/signs/#66140;https://s.auto.drom.ru/i24228/pubs/26197/66140/2945611.svg
8.10.;Место для осмотра автомобилей;https://www.drom.ru/pdd/pdd/signs/#65560;https://s.auto.drom.ru/i24227/pubs/26238/27277/2923992.svg
8.11.;Ограничение разрешенной максимальной массы;https://www.drom.ru/pdd/pdd/signs/#65561;https://s.auto.drom.ru/i24227/pubs/26238/27278/2923993.svg
8.12.;Опасная обочина;https://www.drom.ru/pdd/pdd/signs/#65562;https://s.auto.drom.ru/i24227/pubs/26238/27279/2923994.svg
8.13.;Направление главной дороги;https://www.drom.ru/pdd/pdd/signs/#65563;https://s.auto.drom.ru/i24227/pubs/26238/27280/2923995.svg
8.14.;Полоса движения;https://www.drom.ru/pdd/pdd/signs/#65564;https://s.auto.drom.ru/i24227/pubs/26238/27281/2923996.svg
8.15.;Слепые пешеходы;https://www.drom.ru/pdd/pdd/signs/#65565;https://s.auto.drom.ru/i24227/pubs/26238/27282/2923997.svg
8.16.;Влажное покрытие;https://www.drom.ru/pdd/pdd/signs/#65566;https://s.auto.drom.ru/i24227/pubs/26238/27283/2923998.svg
8.17.;Инвалиды;https://www.drom.ru/pdd/pdd/signs/#65567;https://s.auto.drom.ru/i24227/pubs/26238/27284/2923999.svg
8.18.;Кроме инвалидов;https://www.drom.ru/pdd/pdd/signs/#65568;https://s.auto.drom.ru/i24227/pubs/26238/27285/2924000.svg
8.19.;Класс опасного груза;https://www.drom.ru/pdd/pdd/signs/#65569;https://s.auto.drom.ru/i24227/pubs/26238/27286/2924001.svg
8.20.1.;Тип тележки транспортного средства;https://www.drom.ru/pdd/pdd/signs/#65570;https://s.auto.drom.ru/i24227/pubs/26238/27287/2924002.svg
8.20.2.;Тип тележки транспортного средства;https://www.drom.ru/pdd/pdd/signs/#65570;https://s.auto.drom.ru/i24227/pubs/26238/27287/2924002.svg
8.21.1.;Вид маршрутного транспортного средства;https://www.drom.ru/pdd/pdd/signs/#65571;https://s.auto.drom.ru/i24241/pubs/26197/65571/3161482.svg
8.21.2.;Вид маршрутного транспортного средства;https://www.drom.ru/pdd/pdd/signs/#65571;https://s.auto.drom.ru/i24241/pubs/26197/65571/3161482.svg
8.21.3.;Вид маршрутного транспортного средства;https://www.drom.ru/pdd/pdd/signs/#65571;https://s.auto.drom.ru/i24241/pubs/26197/65571/3161482.svg
8.22.1.;Препятствие;https://www.drom.ru/pdd/pdd/signs/#65572;https://s.auto.drom.ru/i24241/pubs/26197/65572/3161485.svg
8.22.2.;Препятствие;https://www.drom.ru/pdd/pdd/signs/#65572;https://s.auto.drom.ru/i24241/pubs/26197/65572/3161485.svg
8.22.3.;Препятствие;https://www.drom.ru/pdd/pdd/signs/#65572;https://s.auto.drom.ru/i24241/pubs/26197/65572/3161485.svg
8.23.;Фотовидеофиксация;https://www.drom.ru/pdd/pdd/signs/#65573;https://s.auto.drom.ru/i24227/pubs/26238/27290/2924010.svg
8.24.;Работает эвакуатор;https://www.drom.ru/pdd/pdd/signs/#65574;https://s.auto.drom.ru/i24227/pubs/26238/27291/2924011.svg
8.25.;Экологический класс транспортного средства;https://www.drom.ru/pdd/pdd/signs/#65575;https://s.auto.drom.ru/i24227/pubs/26238/61652/2917546.svg
